Tanggal,Jam,Jenis,Kategori,Jumlah,Keterangan
2024-05-01,8:48,Pengeluaran,Makan Pagi,25000,Makan rutin
2024-05-01,9:43,Pemasukan,Gaji,3000000,Gaji bulanan
2024-05-01,11:27,Pengeluaran,Makan Siang,28000,Makan rutin
2024-05-01,19:12,Pengeluaran,Belanja Bulanan,353000,Belanja kebutuhan bulanan
2024-05-01,20:44,Pengeluaran,Makan Malam,24000,Makan rutin
2024-05-02,8:04,Pengeluaran,Makan Pagi,25000,Makan rutin
2024-05-02,12:16,Pengeluaran,Makan Siang,24000,Makan rutin
2024-05-02,19:52,Pengeluaran,Makan Malam,27000,Makan rutin
2024-05-03,6:41,Pengeluaran,Makan Pagi,15000,Makan rutin
2024-05-03,12:06,Pengeluaran,Makan Siang,25000,Makan rutin
2024-05-03,18:48,Pengeluaran,Makan Malam,20000,Makan rutin
2024-05-04,8:10,Pengeluaran,Makan Pagi,25000,Makan rutin
2024-05-04,12:49,Pengeluaran,Makan Siang,16000,Makan rutin
2024-05-04,19:37,Pengeluaran,Makan Malam,18000,Makan rutin
2024-05-05,8:39,Pengeluaran,Makan Pagi,17000,Makan rutin
2024-05-05,10:35,Pengeluaran,Listrik Kos,182000,Tagihan listrik kos
2024-05-05,13:08,Pengeluaran,Makan Siang,29000,Makan rutin
2024-05-05,20:09,Pengeluaran,Makan Malam,28000,Makan rutin
2024-05-06,6:27,Pengeluaran,Makan Pagi,25000,Makan rutin
2024-05-06,11:30,Pengeluaran,Bensin,57000,Pengisian bensin mingguan
2024-05-06,11:36,Pengeluaran,Makan Siang,21000,Makan rutin
2024-05-06,19:00,Pengeluaran,Makan Malam,19000,Makan rutin
2024-05-07,8:09,Pengeluaran,Makan Pagi,28000,Makan rutin
2024-05-07,13:20,Pengeluaran,Makan Siang,16000,Makan rutin
2024-05-07,18:32,Pengeluaran,Makan Malam,24000,Makan rutin
2024-05-08,7:53,Pengeluaran,Makan Pagi,16000,Makan rutin
2024-05-08,13:56,Pengeluaran,Makan Siang,21000,Makan rutin
2024-05-08,18:50,Pengeluaran,Makan Malam,16000,Makan rutin
2024-05-09,8:00,Pengeluaran,Makan Pagi,18000,Makan rutin
2024-05-09,11:57,Pengeluaran,Makan Siang,26000,Makan rutin
2024-05-09,20:09,Pengeluaran,Makan Malam,24000,Makan rutin
2024-05-10,7:30,Pengeluaran,Makan Pagi,16000,Makan rutin
2024-05-10,13:59,Pengeluaran,Makan Siang,27000,Makan rutin
2024-05-10,18:46,Pengeluaran,Makan Malam,25000,Makan rutin
2024-05-11,8:46,Pengeluaran,Makan Pagi,25000,Makan rutin
2024-05-11,11:32,Pengeluaran,Makan Siang,15000,Makan rutin
2024-05-11,18:32,Pengeluaran,Makan Malam,19000,Makan rutin
2024-05-12,7:27,Pengeluaran,Makan Pagi,17000,Makan rutin
2024-05-12,13:57,Pengeluaran,Makan Siang,23000,Makan rutin
2024-05-12,20:34,Pengeluaran,Makan Malam,29000,Makan rutin
2024-05-13,7:18,Pengeluaran,Makan Pagi,16000,Makan rutin
2024-05-13,11:01,Pengeluaran,Bensin,59000,Pengisian bensin mingguan
2024-05-13,11:34,Pengeluaran,Makan Siang,15000,Makan rutin
2024-05-13,19:25,Pengeluaran,Makan Malam,20000,Makan rutin
2024-05-14,8:18,Pengeluaran,Makan Pagi,25000,Makan rutin
2024-05-14,12:22,Pengeluaran,Makan Siang,21000,Makan rutin
2024-05-14,18:23,Pengeluaran,Makan Malam,20000,Makan rutin
2024-05-15,6:41,Pengeluaran,Makan Pagi,20000,Makan rutin
2024-05-15,13:33,Pengeluaran,Makan Siang,23000,Makan rutin
2024-05-15,20:52,Pengeluaran,Makan Malam,25000,Makan rutin
2024-05-16,8:32,Pengeluaran,Makan Pagi,17000,Makan rutin
2024-05-16,12:15,Pengeluaran,Makan Siang,28000,Makan rutin
2024-05-16,20:40,Pengeluaran,Makan Malam,24000,Makan rutin
2024-05-17,7:48,Pengeluaran,Makan Pagi,21000,Makan rutin
2024-05-17,12:42,Pengeluaran,Makan Siang,22000,Makan rutin
2024-05-17,19:05,Pengeluaran,Makan Malam,22000,Makan rutin
2024-05-18,8:25,Pengeluaran,Makan Pagi,21000,Makan rutin
2024-05-18,13:03,Pengeluaran,Makan Siang,23000,Makan rutin
2024-05-18,19:34,Pengeluaran,Makan Malam,23000,Makan rutin
2024-05-19,6:59,Pengeluaran,Makan Pagi,21000,Makan rutin
2024-05-19,8:29,Pengeluaran,Transportasi Umum,21000,Transportasi alternatif
2024-05-19,11:34,Pengeluaran,Makan Siang,19000,Makan rutin
2024-05-19,14:14,Pengeluaran,Rekreasi,231000,Jalan-jalan weekend
2024-05-19,19:50,Pengeluaran,Makan Malam,16000,Makan rutin
2024-05-20,8:55,Pengeluaran,Makan Pagi,18000,Makan rutin
2024-05-20,9:13,Pengeluaran,Bensin,60000,Pengisian bensin mingguan
2024-05-20,13:03,Pengeluaran,Makan Siang,19000,Makan rutin
2024-05-20,19:12,Pengeluaran,Makan Malam,28000,Makan rutin
2024-05-21,6:19,Pengeluaran,Makan Pagi,19000,Makan rutin
2024-05-21,13:40,Pengeluaran,Makan Siang,18000,Makan rutin
2024-05-21,18:02,Pengeluaran,Makan Malam,18000,Makan rutin
2024-05-22,6:31,Pengeluaran,Makan Pagi,21000,Makan rutin
2024-05-22,12:01,Pengeluaran,Makan Siang,22000,Makan rutin
2024-05-22,19:47,Pengeluaran,Makan Malam,21000,Makan rutin
2024-05-23,8:11,Pengeluaran,Makan Pagi,27000,Makan rutin
2024-05-23,11:51,Pengeluaran,Makan Siang,18000,Makan rutin
2024-05-23,20:29,Pengeluaran,Makan Malam,19000,Makan rutin
2024-05-24,8:35,Pengeluaran,Makan Pagi,17000,Makan rutin
2024-05-24,11:50,Pengeluaran,Makan Siang,28000,Makan rutin
2024-05-24,19:11,Pengeluaran,Makan Malam,24000,Makan rutin
2024-05-25,8:32,Pengeluaran,Makan Pagi,19000,Makan rutin
2024-05-25,13:45,Pengeluaran,Makan Siang,19000,Makan rutin
2024-05-25,20:26,Pengeluaran,Makan Malam,23000,Makan rutin
2024-05-26,8:49,Pengeluaran,Makan Pagi,23000,Makan rutin
2024-05-26,13:04,Pengeluaran,Makan Siang,21000,Makan rutin
2024-05-26,19:11,Pengeluaran,Makan Malam,26000,Makan rutin
2024-05-27,6:46,Pengeluaran,Makan Pagi,27000,Makan rutin
2024-05-27,11:09,Pengeluaran,Makan Siang,16000,Makan rutin
2024-05-27,11:16,Pengeluaran,Bensin,64000,Pengisian bensin mingguan
2024-05-27,20:52,Pengeluaran,Makan Malam,27000,Makan rutin
2024-05-28,7:41,Pengeluaran,Transportasi Umum,28000,Transportasi alternatif
2024-05-28,8:17,Pengeluaran,Makan Pagi,29000,Makan rutin
2024-05-28,11:09,Pengeluaran,Makan Siang,25000,Makan rutin
2024-05-28,20:03,Pengeluaran,Makan Malam,29000,Makan rutin
2024-05-29,8:50,Pengeluaran,Makan Pagi,22000,Makan rutin
2024-05-29,13:13,Pengeluaran,Makan Siang,26000,Makan rutin
2024-05-29,20:31,Pengeluaran,Makan Malam,23000,Makan rutin
2024-05-30,6:30,Pengeluaran,Makan Pagi,23000,Makan rutin
2024-05-30,12:00,Pengeluaran,Makan Siang,16000,Makan rutin
2024-05-30,18:01,Pengeluaran,Makan Malam,28000,Makan rutin
2024-05-31,8:42,Pengeluaran,Makan Pagi,26000,Makan rutin
2024-05-31,13:38,Pengeluaran,Makan Siang,29000,Makan rutin
2024-05-31,18:17,Pengeluaran,Makan Malam,24000,Makan rutin
2024-06-01,6:43,Pengeluaran,Makan Pagi,15000,Makan rutin
2024-06-01,8:48,Pengeluaran,Transportasi Umum,24000,Transportasi alternatif
2024-06-01,13:36,Pengeluaran,Makan Siang,25000,Makan rutin
2024-06-01,17:12,Pengeluaran,Belanja Bulanan,485000,Belanja kebutuhan bulanan
2024-06-01,19:13,Pengeluaran,Makan Malam,18000,Makan rutin
2024-06-02,7:43,Pengeluaran,Makan Pagi,25000,Makan rutin
2024-06-02,12:36,Pengeluaran,Makan Siang,24000,Makan rutin
2024-06-02,19:37,Pengeluaran,Makan Malam,15000,Makan rutin
2024-06-03,7:18,Pengeluaran,Makan Pagi,22000,Makan rutin
2024-06-03,10:19,Pengeluaran,Bensin,53000,Pengisian bensin mingguan
2024-06-03,12:30,Pengeluaran,Makan Siang,29000,Makan rutin
2024-06-03,19:43,Pengeluaran,Makan Malam,15000,Makan rutin
2024-06-04,7:50,Pengeluaran,Makan Pagi,20000,Makan rutin
2024-06-04,13:29,Pengeluaran,Makan Siang,27000,Makan rutin
2024-06-04,18:25,Pengeluaran,Makan Malam,24000,Makan rutin
2024-06-05,7:15,Pengeluaran,Makan Pagi,25000,Makan rutin
2024-06-05,10:42,Pengeluaran,Listrik Kos,216000,Tagihan listrik kos
2024-06-05,12:43,Pengeluaran,Makan Siang,29000,Makan rutin
2024-06-05,18:14,Pengeluaran,Makan Malam,23000,Makan rutin
2024-06-06,7:16,Pengeluaran,Makan Pagi,27000,Makan rutin
2024-06-06,11:47,Pengeluaran,Makan Siang,21000,Makan rutin
2024-06-06,19:29,Pengeluaran,Makan Malam,25000,Makan rutin
2024-06-07,7:31,Pengeluaran,Makan Pagi,20000,Makan rutin
2024-06-07,12:45,Pengeluaran,Makan Siang,16000,Makan rutin
2024-06-07,20:05,Pengeluaran,Makan Malam,15000,Makan rutin
2024-06-08,7:18,Pengeluaran,Makan Pagi,21000,Makan rutin
2024-06-08,13:56,Pengeluaran,Makan Siang,22000,Makan rutin
2024-06-08,20:59,Pengeluaran,Makan Malam,22000,Makan rutin
2024-06-09,7:05,Pengeluaran,Makan Pagi,22000,Makan rutin
2024-06-09,13:22,Pengeluaran,Makan Siang,24000,Makan rutin
2024-06-09,20:17,Pengeluaran,Makan Malam,17000,Makan rutin
2024-06-10,7:09,Pengeluaran,Makan Pagi,29000,Makan rutin
2024-06-10,9:02,Pengeluaran,Bensin,54000,Pengisian bensin mingguan
2024-06-10,9:29,Pengeluaran,Transportasi Umum,21000,Transportasi alternatif
2024-06-10,12:58,Pengeluaran,Makan Siang,29000,Makan rutin
2024-06-10,19:18,Pengeluaran,Makan Malam,17000,Makan rutin
2024-06-11,6:09,Pengeluaran,Makan Pagi,24000,Makan rutin
2024-06-11,12:16,Pengeluaran,Makan Siang,19000,Makan rutin
2024-06-11,19:23,Pengeluaran,Makan Malam,28000,Makan rutin
2024-06-12,7:52,Pengeluaran,Makan Pagi,21000,Makan rutin
2024-06-12,13:29,Pengeluaran,Makan Siang,26000,Makan rutin
2024-06-12,18:55,Pengeluaran,Makan Malam,17000,Makan rutin
2024-06-13,7:31,Pengeluaran,Makan Pagi,22000,Makan rutin
2024-06-13,11:25,Pengeluaran,Makan Siang,21000,Makan rutin
2024-06-13,18:28,Pengeluaran,Makan Malam,25000,Makan rutin
2024-06-14,8:33,Pengeluaran,Makan Pagi,20000,Makan rutin
2024-06-14,13:45,Pengeluaran,Makan Siang,28000,Makan rutin
2024-06-14,18:44,Pengeluaran,Makan Malam,28000,Makan rutin
2024-06-15,6:24,Pengeluaran,Makan Pagi,17000,Makan rutin
2024-06-15,12:18,Pengeluaran,Makan Siang,25000,Makan rutin
2024-06-15,18:20,Pengeluaran,Makan Malam,20000,Makan rutin
2024-06-16,6:27,Pengeluaran,Makan Pagi,28000,Makan rutin
2024-06-16,13:56,Pengeluaran,Makan Siang,22000,Makan rutin
2024-06-16,18:39,Pengeluaran,Makan Malam,24000,Makan rutin
2024-06-17,6:11,Pengeluaran,Makan Pagi,25000,Makan rutin
2024-06-17,10:08,Pengeluaran,Bensin,60000,Pengisian bensin mingguan
2024-06-17,12:38,Pengeluaran,Makan Siang,23000,Makan rutin
2024-06-17,18:12,Pengeluaran,Makan Malam,16000,Makan rutin
2024-06-18,6:07,Pengeluaran,Makan Pagi,23000,Makan rutin
2024-06-18,11:27,Pengeluaran,Makan Siang,20000,Makan rutin
2024-06-18,19:51,Pengeluaran,Makan Malam,29000,Makan rutin
2024-06-19,8:55,Pengeluaran,Makan Pagi,24000,Makan rutin
2024-06-19,11:17,Pengeluaran,Makan Siang,20000,Makan rutin
2024-06-19,20:02,Pengeluaran,Makan Malam,22000,Makan rutin
2024-06-20,8:59,Pengeluaran,Makan Pagi,18000,Makan rutin
2024-06-20,12:09,Pengeluaran,Makan Siang,26000,Makan rutin
2024-06-20,20:14,Pengeluaran,Makan Malam,24000,Makan rutin
2024-06-21,6:28,Pengeluaran,Makan Pagi,25000,Makan rutin
2024-06-21,13:57,Pengeluaran,Makan Siang,18000,Makan rutin
2024-06-21,20:19,Pengeluaran,Makan Malam,27000,Makan rutin
2024-06-22,7:54,Pengeluaran,Makan Pagi,17000,Makan rutin
2024-06-22,11:13,Pengeluaran,Rekreasi,119000,Jalan-jalan weekend
2024-06-22,11:17,Pengeluaran,Makan Siang,27000,Makan rutin
2024-06-22,18:03,Pengeluaran,Makan Malam,24000,Makan rutin
2024-06-23,7:20,Pengeluaran,Makan Pagi,15000,Makan rutin
2024-06-23,12:22,Pengeluaran,Makan Siang,18000,Makan rutin
2024-06-23,19:02,Pengeluaran,Makan Malam,24000,Makan rutin
2024-06-24,6:54,Pengeluaran,Makan Pagi,23000,Makan rutin
2024-06-24,11:49,Pengeluaran,Bensin,55000,Pengisian bensin mingguan
2024-06-24,13:57,Pengeluaran,Makan Siang,16000,Makan rutin
2024-06-24,18:57,Pengeluaran,Makan Malam,24000,Makan rutin
2024-06-25,8:29,Pengeluaran,Makan Pagi,28000,Makan rutin
2024-06-25,13:36,Pengeluaran,Makan Siang,17000,Makan rutin
2024-06-25,20:02,Pengeluaran,Makan Malam,26000,Makan rutin
2024-06-26,7:58,Pengeluaran,Makan Pagi,17000,Makan rutin
2024-06-26,13:30,Pengeluaran,Makan Siang,18000,Makan rutin
2024-06-26,19:36,Pengeluaran,Makan Malam,20000,Makan rutin
2024-06-27,6:08,Pengeluaran,Makan Pagi,23000,Makan rutin
2024-06-27,9:50,Pengeluaran,Transportasi Umum,24000,Transportasi alternatif
2024-06-27,11:31,Pengeluaran,Makan Siang,15000,Makan rutin
2024-06-27,18:49,Pengeluaran,Makan Malam,25000,Makan rutin
2024-06-28,8:47,Pengeluaran,Makan Pagi,26000,Makan rutin
2024-06-28,11:46,Pengeluaran,Makan Siang,21000,Makan rutin
2024-06-28,19:10,Pengeluaran,Makan Malam,25000,Makan rutin
2024-06-29,7:44,Pengeluaran,Makan Pagi,22000,Makan rutin
2024-06-29,8:29,Pengeluaran,Transportasi Umum,19000,Transportasi alternatif
2024-06-29,13:23,Pengeluaran,Makan Siang,15000,Makan rutin
2024-06-29,19:34,Pengeluaran,Makan Malam,26000,Makan rutin
2024-06-30,6:52,Pengeluaran,Makan Pagi,19000,Makan rutin
2024-06-30,11:14,Pengeluaran,Rekreasi,294000,Jalan-jalan weekend
2024-06-30,12:14,Pengeluaran,Makan Siang,18000,Makan rutin
2024-06-30,18:56,Pengeluaran,Makan Malam,19000,Makan rutin
2024-07-01,7:00,Pengeluaran,Makan Pagi,24000,Makan rutin
2024-07-01,9:12,Pengeluaran,Transportasi Umum,10000,Transportasi alternatif
2024-07-01,10:13,Pengeluaran,Bensin,65000,Pengisian bensin mingguan
2024-07-01,12:29,Pengeluaran,Makan Siang,15000,Makan rutin
2024-07-01,18:35,Pengeluaran,Belanja Bulanan,329000,Belanja kebutuhan bulanan
2024-07-01,20:59,Pengeluaran,Makan Malam,23000,Makan rutin
2024-07-02,6:10,Pengeluaran,Makan Pagi,22000,Makan rutin
2024-07-02,13:00,Pengeluaran,Makan Siang,22000,Makan rutin
2024-07-02,20:22,Pengeluaran,Makan Malam,21000,Makan rutin
2024-07-03,6:49,Pengeluaran,Makan Pagi,20000,Makan rutin
2024-07-03,12:25,Pengeluaran,Makan Siang,20000,Makan rutin
2024-07-03,19:14,Pengeluaran,Makan Malam,21000,Makan rutin
2024-07-04,7:20,Pengeluaran,Makan Pagi,15000,Makan rutin
2024-07-04,13:55,Pengeluaran,Makan Siang,15000,Makan rutin
2024-07-04,20:16,Pengeluaran,Makan Malam,26000,Makan rutin
2024-07-05,7:00,Pengeluaran,Makan Pagi,24000,Makan rutin
2024-07-05,10:47,Pengeluaran,Listrik Kos,196000,Tagihan listrik kos
2024-07-05,13:21,Pengeluaran,Makan Siang,20000,Makan rutin
2024-07-05,20:57,Pengeluaran,Makan Malam,20000,Makan rutin
2024-07-06,7:39,Pengeluaran,Makan Pagi,27000,Makan rutin
2024-07-06,12:19,Pengeluaran,Makan Siang,25000,Makan rutin
2024-07-06,20:55,Pengeluaran,Makan Malam,23000,Makan rutin
2024-07-07,8:38,Pengeluaran,Makan Pagi,29000,Makan rutin
2024-07-07,12:50,Pengeluaran,Makan Siang,24000,Makan rutin
2024-07-07,19:58,Pengeluaran,Makan Malam,16000,Makan rutin
2024-07-08,8:28,Pengeluaran,Makan Pagi,17000,Makan rutin
2024-07-08,11:32,Pengeluaran,Bensin,61000,Pengisian bensin mingguan
2024-07-08,13:17,Pengeluaran,Makan Siang,17000,Makan rutin
2024-07-08,19:39,Pengeluaran,Makan Malam,26000,Makan rutin
2024-07-09,8:37,Pengeluaran,Makan Pagi,25000,Makan rutin
2024-07-09,11:47,Pengeluaran,Makan Siang,16000,Makan rutin
2024-07-09,19:01,Pengeluaran,Makan Malam,22000,Makan rutin
2024-07-10,8:38,Pengeluaran,Makan Pagi,21000,Makan rutin
2024-07-10,12:12,Pengeluaran,Makan Siang,28000,Makan rutin
2024-07-10,18:15,Pengeluaran,Makan Malam,28000,Makan rutin
2024-07-11,6:03,Pengeluaran,Makan Pagi,18000,Makan rutin
2024-07-11,12:08,Pengeluaran,Makan Siang,28000,Makan rutin
2024-07-11,20:49,Pengeluaran,Makan Malam,15000,Makan rutin
2024-07-12,8:47,Pengeluaran,Makan Pagi,28000,Makan rutin
2024-07-12,13:15,Pengeluaran,Makan Siang,26000,Makan rutin
2024-07-12,18:09,Pengeluaran,Makan Malam,21000,Makan rutin
2024-07-13,8:06,Pengeluaran,Makan Pagi,21000,Makan rutin
2024-07-13,12:21,Pengeluaran,Makan Siang,24000,Makan rutin
2024-07-13,20:47,Pengeluaran,Makan Malam,20000,Makan rutin
2024-07-14,6:19,Pengeluaran,Makan Pagi,29000,Makan rutin
2024-07-14,13:42,Pengeluaran,Makan Siang,17000,Makan rutin
2024-07-14,20:43,Pengeluaran,Makan Malam,29000,Makan rutin
2024-07-15,7:42,Pengeluaran,Makan Pagi,28000,Makan rutin
2024-07-15,11:57,Pengeluaran,Bensin,50000,Pengisian bensin mingguan
2024-07-15,13:33,Pengeluaran,Makan Siang,19000,Makan rutin
2024-07-15,19:01,Pengeluaran,Makan Malam,20000,Makan rutin
2024-07-16,8:23,Pengeluaran,Makan Pagi,21000,Makan rutin
2024-07-16,13:53,Pengeluaran,Makan Siang,18000,Makan rutin
2024-07-16,20:56,Pengeluaran,Makan Malam,22000,Makan rutin
2024-07-17,7:15,Pengeluaran,Makan Pagi,16000,Makan rutin
2024-07-17,13:13,Pengeluaran,Makan Siang,21000,Makan rutin
2024-07-17,18:17,Pengeluaran,Makan Malam,26000,Makan rutin
2024-07-18,7:19,Pengeluaran,Makan Pagi,29000,Makan rutin
2024-07-18,11:09,Pengeluaran,Makan Siang,29000,Makan rutin
2024-07-18,19:16,Pengeluaran,Makan Malam,21000,Makan rutin
2024-07-19,8:39,Pengeluaran,Makan Pagi,26000,Makan rutin
2024-07-19,11:24,Pengeluaran,Makan Siang,20000,Makan rutin
2024-07-19,20:37,Pengeluaran,Makan Malam,19000,Makan rutin
2024-07-20,8:30,Pengeluaran,Makan Pagi,29000,Makan rutin
2024-07-20,11:45,Pengeluaran,Makan Siang,22000,Makan rutin
2024-07-20,20:39,Pengeluaran,Makan Malam,26000,Makan rutin
2024-07-21,6:38,Pengeluaran,Makan Pagi,22000,Makan rutin
2024-07-21,11:03,Pengeluaran,Makan Siang,19000,Makan rutin
2024-07-21,18:21,Pengeluaran,Makan Malam,24000,Makan rutin
2024-07-22,8:49,Pengeluaran,Makan Pagi,28000,Makan rutin
2024-07-22,10:08,Pengeluaran,Bensin,65000,Pengisian bensin mingguan
2024-07-22,13:38,Pengeluaran,Makan Siang,29000,Makan rutin
2024-07-22,19:40,Pengeluaran,Makan Malam,25000,Makan rutin
2024-07-23,6:13,Pengeluaran,Makan Pagi,24000,Makan rutin
2024-07-23,13:25,Pengeluaran,Makan Siang,20000,Makan rutin
2024-07-23,19:51,Pengeluaran,Makan Malam,21000,Makan rutin
2024-07-24,7:03,Pengeluaran,Makan Pagi,27000,Makan rutin
2024-07-24,13:19,Pengeluaran,Makan Siang,20000,Makan rutin
2024-07-24,20:49,Pengeluaran,Makan Malam,28000,Makan rutin
2024-07-25,8:34,Pengeluaran,Makan Pagi,16000,Makan rutin
2024-07-25,12:50,Pengeluaran,Makan Siang,24000,Makan rutin
2024-07-25,18:53,Pengeluaran,Makan Malam,20000,Makan rutin
2024-07-26,7:51,Pengeluaran,Makan Pagi,26000,Makan rutin
2024-07-26,11:38,Pengeluaran,Makan Siang,22000,Makan rutin
2024-07-26,19:49,Pengeluaran,Makan Malam,18000,Makan rutin
2024-07-27,6:46,Pengeluaran,Makan Pagi,20000,Makan rutin
2024-07-27,13:18,Pengeluaran,Makan Siang,29000,Makan rutin
2024-07-27,18:12,Pengeluaran,Makan Malam,19000,Makan rutin
2024-07-28,7:40,Pengeluaran,Makan Pagi,19000,Makan rutin
2024-07-28,12:38,Pengeluaran,Makan Siang,22000,Makan rutin
2024-07-28,14:23,Pengeluaran,Rekreasi,268000,Jalan-jalan weekend
2024-07-28,20:13,Pengeluaran,Makan Malam,24000,Makan rutin
2024-07-29,8:21,Pengeluaran,Makan Pagi,15000,Makan rutin
2024-07-29,10:06,Pengeluaran,Bensin,52000,Pengisian bensin mingguan
2024-07-29,13:08,Pengeluaran,Makan Siang,29000,Makan rutin
2024-07-29,19:57,Pengeluaran,Makan Malam,20000,Makan rutin
2024-07-30,8:02,Pengeluaran,Makan Pagi,21000,Makan rutin
2024-07-30,13:47,Pengeluaran,Makan Siang,20000,Makan rutin
2024-07-30,19:42,Pengeluaran,Makan Malam,16000,Makan rutin
2024-07-31,6:58,Pengeluaran,Makan Pagi,24000,Makan rutin
2024-07-31,11:28,Pengeluaran,Makan Siang,16000,Makan rutin
2024-07-31,19:35,Pengeluaran,Makan Malam,15000,Makan rutin
2024-08-01,8:40,Pengeluaran,Makan Pagi,18000,Makan rutin
2024-08-01,12:37,Pengeluaran,Makan Siang,26000,Makan rutin
2024-08-01,17:40,Pengeluaran,Belanja Bulanan,402000,Belanja kebutuhan bulanan
2024-08-01,20:01,Pengeluaran,Makan Malam,21000,Makan rutin
2024-08-02,7:59,Pengeluaran,Makan Pagi,20000,Makan rutin
2024-08-02,9:39,Pengeluaran,Transportasi Umum,22000,Transportasi alternatif
2024-08-02,11:43,Pengeluaran,Makan Siang,17000,Makan rutin
2024-08-02,19:38,Pengeluaran,Makan Malam,19000,Makan rutin
2024-08-03,6:52,Pengeluaran,Makan Pagi,26000,Makan rutin
2024-08-03,12:04,Pengeluaran,Makan Siang,18000,Makan rutin
2024-08-03,20:35,Pengeluaran,Makan Malam,29000,Makan rutin
2024-08-04,8:20,Pengeluaran,Makan Pagi,20000,Makan rutin
2024-08-04,8:35,Pengeluaran,Transportasi Umum,23000,Transportasi alternatif
2024-08-04,13:00,Pengeluaran,Makan Siang,16000,Makan rutin
2024-08-04,19:25,Pengeluaran,Makan Malam,18000,Makan rutin
2024-08-05,7:17,Pengeluaran,Makan Pagi,29000,Makan rutin
2024-08-05,10:00,Pengeluaran,Listrik Kos,235000,Tagihan listrik kos
2024-08-05,10:06,Pengeluaran,Bensin,53000,Pengisian bensin mingguan
2024-08-05,13:13,Pengeluaran,Makan Siang,16000,Makan rutin
2024-08-05,20:09,Pengeluaran,Makan Malam,28000,Makan rutin
2024-08-06,8:02,Pengeluaran,Makan Pagi,22000,Makan rutin
2024-08-06,11:26,Pengeluaran,Makan Siang,18000,Makan rutin
2024-08-06,19:48,Pengeluaran,Makan Malam,23000,Makan rutin
2024-08-07,7:13,Pengeluaran,Makan Pagi,28000,Makan rutin
2024-08-07,13:27,Pengeluaran,Makan Siang,19000,Makan rutin
2024-08-07,18:50,Pengeluaran,Makan Malam,29000,Makan rutin
2024-08-08,8:58,Pengeluaran,Makan Pagi,28000,Makan rutin
2024-08-08,13:37,Pengeluaran,Makan Siang,21000,Makan rutin
2024-08-08,19:14,Pengeluaran,Makan Malam,15000,Makan rutin
2024-08-09,8:16,Pengeluaran,Makan Pagi,27000,Makan rutin
2024-08-09,11:38,Pengeluaran,Makan Siang,15000,Makan rutin
2024-08-09,18:33,Pengeluaran,Makan Malam,20000,Makan rutin
2024-08-10,7:47,Pengeluaran,Makan Pagi,26000,Makan rutin
2024-08-10,12:44,Pengeluaran,Makan Siang,22000,Makan rutin
2024-08-10,19:19,Pengeluaran,Makan Malam,22000,Makan rutin
2024-08-11,8:22,Pengeluaran,Makan Pagi,25000,Makan rutin
2024-08-11,13:25,Pengeluaran,Makan Siang,20000,Makan rutin
2024-08-11,20:18,Pengeluaran,Makan Malam,27000,Makan rutin
2024-08-12,8:54,Pengeluaran,Makan Pagi,21000,Makan rutin
2024-08-12,9:53,Pengeluaran,Bensin,57000,Pengisian bensin mingguan
2024-08-12,13:02,Pengeluaran,Makan Siang,27000,Makan rutin
2024-08-12,18:02,Pengeluaran,Makan Malam,20000,Makan rutin
2024-08-13,7:46,Pengeluaran,Makan Pagi,23000,Makan rutin
2024-08-13,11:28,Pengeluaran,Makan Siang,29000,Makan rutin
2024-08-13,19:24,Pengeluaran,Makan Malam,23000,Makan rutin
2024-08-14,8:05,Pengeluaran,Makan Pagi,16000,Makan rutin
2024-08-14,12:10,Pengeluaran,Makan Siang,23000,Makan rutin
2024-08-14,18:15,Pengeluaran,Makan Malam,22000,Makan rutin
2024-08-15,8:18,Pengeluaran,Makan Pagi,19000,Makan rutin
2024-08-15,11:47,Pengeluaran,Makan Siang,15000,Makan rutin
2024-08-15,18:54,Pengeluaran,Makan Malam,17000,Makan rutin
2024-08-16,7:44,Pengeluaran,Makan Pagi,17000,Makan rutin
2024-08-16,11:01,Pengeluaran,Makan Siang,20000,Makan rutin
2024-08-16,19:06,Pengeluaran,Makan Malam,28000,Makan rutin
2024-08-17,7:46,Pengeluaran,Makan Pagi,27000,Makan rutin
2024-08-17,13:29,Pengeluaran,Makan Siang,17000,Makan rutin
2024-08-17,19:09,Pengeluaran,Makan Malam,20000,Makan rutin
2024-08-18,7:20,Pengeluaran,Makan Pagi,19000,Makan rutin
2024-08-18,10:29,Pengeluaran,Rekreasi,133000,Jalan-jalan weekend
2024-08-18,11:25,Pengeluaran,Makan Siang,21000,Makan rutin
2024-08-18,18:19,Pengeluaran,Makan Malam,21000,Makan rutin
2024-08-19,7:50,Pengeluaran,Makan Pagi,18000,Makan rutin
2024-08-19,9:37,Pengeluaran,Transportasi Umum,19000,Transportasi alternatif
2024-08-19,11:24,Pengeluaran,Makan Siang,16000,Makan rutin
2024-08-19,11:55,Pengeluaran,Bensin,67000,Pengisian bensin mingguan
2024-08-19,18:00,Pengeluaran,Makan Malam,17000,Makan rutin
2024-08-20,7:26,Pengeluaran,Makan Pagi,15000,Makan rutin
2024-08-20,13:25,Pengeluaran,Makan Siang,15000,Makan rutin
2024-08-20,20:57,Pengeluaran,Makan Malam,20000,Makan rutin
2024-08-21,7:30,Pengeluaran,Makan Pagi,20000,Makan rutin
2024-08-21,13:52,Pengeluaran,Makan Siang,29000,Makan rutin
2024-08-21,19:30,Pengeluaran,Makan Malam,16000,Makan rutin
2024-08-22,7:40,Pengeluaran,Makan Pagi,28000,Makan rutin
2024-08-22,11:00,Pengeluaran,Makan Siang,29000,Makan rutin
2024-08-22,20:48,Pengeluaran,Makan Malam,20000,Makan rutin
2024-08-23,7:58,Pengeluaran,Makan Pagi,20000,Makan rutin
2024-08-23,13:02,Pengeluaran,Makan Siang,22000,Makan rutin
2024-08-23,20:49,Pengeluaran,Makan Malam,27000,Makan rutin
2024-08-24,8:42,Pengeluaran,Makan Pagi,23000,Makan rutin
2024-08-24,13:59,Pengeluaran,Makan Siang,19000,Makan rutin
2024-08-24,20:33,Pengeluaran,Makan Malam,19000,Makan rutin
2024-08-25,8:09,Pengeluaran,Makan Pagi,16000,Makan rutin
2024-08-25,11:35,Pengeluaran,Makan Siang,21000,Makan rutin
2024-08-25,20:01,Pengeluaran,Makan Malam,18000,Makan rutin
2024-08-26,6:28,Pengeluaran,Makan Pagi,17000,Makan rutin
2024-08-26,10:38,Pengeluaran,Bensin,50000,Pengisian bensin mingguan
2024-08-26,12:28,Pengeluaran,Makan Siang,17000,Makan rutin
2024-08-26,19:50,Pengeluaran,Makan Malam,27000,Makan rutin
2024-08-27,7:43,Pengeluaran,Makan Pagi,29000,Makan rutin
2024-08-27,12:47,Pengeluaran,Makan Siang,26000,Makan rutin
2024-08-27,19:28,Pengeluaran,Makan Malam,21000,Makan rutin
2024-08-28,6:24,Pengeluaran,Makan Pagi,22000,Makan rutin
2024-08-28,12:38,Pengeluaran,Makan Siang,25000,Makan rutin
2024-08-28,19:29,Pengeluaran,Makan Malam,29000,Makan rutin
2024-08-29,8:04,Pengeluaran,Makan Pagi,24000,Makan rutin
2024-08-29,13:56,Pengeluaran,Makan Siang,27000,Makan rutin
2024-08-29,18:56,Pengeluaran,Makan Malam,17000,Makan rutin
2024-08-30,6:27,Pengeluaran,Makan Pagi,16000,Makan rutin
2024-08-30,8:59,Pengeluaran,Transportasi Umum,15000,Transportasi alternatif
2024-08-30,12:54,Pengeluaran,Makan Siang,24000,Makan rutin
2024-08-30,20:32,Pengeluaran,Makan Malam,25000,Makan rutin
2024-08-31,7:03,Pengeluaran,Makan Pagi,21000,Makan rutin
2024-08-31,13:15,Pengeluaran,Makan Siang,17000,Makan rutin
2024-08-31,18:01,Pengeluaran,Makan Malam,21000,Makan rutin
2024-09-01,6:20,Pengeluaran,Makan Pagi,15000,Makan rutin
2024-09-01,11:38,Pengeluaran,Makan Siang,18000,Makan rutin
2024-09-01,11:53,Pengeluaran,Rekreasi,103000,Jalan-jalan weekend
2024-09-01,19:30,Pengeluaran,Makan Malam,25000,Makan rutin
2024-09-01,19:55,Pengeluaran,Belanja Bulanan,344000,Belanja kebutuhan bulanan
2024-09-02,7:35,Pengeluaran,Makan Pagi,25000,Makan rutin
2024-09-02,9:45,Pengeluaran,Bensin,55000,Pengisian bensin mingguan
2024-09-02,11:07,Pengeluaran,Makan Siang,17000,Makan rutin
2024-09-02,19:34,Pengeluaran,Makan Malam,19000,Makan rutin
2024-09-03,8:42,Pengeluaran,Makan Pagi,28000,Makan rutin
2024-09-03,11:25,Pengeluaran,Makan Siang,21000,Makan rutin
2024-09-03,18:42,Pengeluaran,Makan Malam,21000,Makan rutin
2024-09-04,7:10,Pengeluaran,Makan Pagi,19000,Makan rutin
2024-09-04,13:36,Pengeluaran,Makan Siang,27000,Makan rutin
2024-09-04,18:13,Pengeluaran,Makan Malam,23000,Makan rutin
2024-09-05,7:37,Pengeluaran,Makan Pagi,18000,Makan rutin
2024-09-05,11:13,Pengeluaran,Makan Siang,20000,Makan rutin
2024-09-05,11:44,Pengeluaran,Listrik Kos,220000,Tagihan listrik kos
2024-09-05,20:13,Pengeluaran,Makan Malam,16000,Makan rutin
2024-09-06,8:56,Pengeluaran,Makan Pagi,24000,Makan rutin
2024-09-06,12:29,Pengeluaran,Makan Siang,29000,Makan rutin
2024-09-06,18:14,Pengeluaran,Makan Malam,16000,Makan rutin
2024-09-07,8:46,Pengeluaran,Makan Pagi,17000,Makan rutin
2024-09-07,11:17,Pengeluaran,Makan Siang,20000,Makan rutin
2024-09-07,20:10,Pengeluaran,Makan Malam,27000,Makan rutin
2024-09-08,8:47,Pengeluaran,Makan Pagi,24000,Makan rutin
2024-09-08,12:32,Pengeluaran,Makan Siang,22000,Makan rutin
2024-09-08,19:00,Pengeluaran,Makan Malam,29000,Makan rutin
2024-09-09,6:24,Pengeluaran,Makan Pagi,26000,Makan rutin
2024-09-09,9:37,Pengeluaran,Bensin,52000,Pengisian bensin mingguan
2024-09-09,11:40,Pengeluaran,Makan Siang,19000,Makan rutin
2024-09-09,19:00,Pengeluaran,Makan Malam,18000,Makan rutin
2024-09-10,7:53,Pengeluaran,Makan Pagi,22000,Makan rutin
2024-09-10,11:12,Pengeluaran,Makan Siang,28000,Makan rutin
2024-09-10,20:25,Pengeluaran,Makan Malam,18000,Makan rutin
2024-09-11,8:11,Pengeluaran,Makan Pagi,25000,Makan rutin
2024-09-11,12:34,Pengeluaran,Makan Siang,24000,Makan rutin
2024-09-11,19:17,Pengeluaran,Makan Malam,22000,Makan rutin
2024-09-12,7:17,Pengeluaran,Makan Pagi,16000,Makan rutin
2024-09-12,12:58,Pengeluaran,Makan Siang,28000,Makan rutin
2024-09-12,18:49,Pengeluaran,Makan Malam,20000,Makan rutin
2024-09-13,6:27,Pengeluaran,Makan Pagi,23000,Makan rutin
2024-09-13,13:56,Pengeluaran,Makan Siang,22000,Makan rutin
2024-09-13,18:17,Pengeluaran,Makan Malam,21000,Makan rutin
2024-09-14,8:03,Pengeluaran,Makan Pagi,24000,Makan rutin
2024-09-14,12:35,Pengeluaran,Makan Siang,28000,Makan rutin
2024-09-14,18:38,Pengeluaran,Makan Malam,17000,Makan rutin
2024-09-15,6:24,Pengeluaran,Makan Pagi,24000,Makan rutin
2024-09-15,13:14,Pengeluaran,Makan Siang,15000,Makan rutin
2024-09-15,14:24,Pengeluaran,Rekreasi,295000,Jalan-jalan weekend
2024-09-15,19:11,Pengeluaran,Makan Malam,27000,Makan rutin
2024-09-16,7:58,Pengeluaran,Makan Pagi,20000,Makan rutin
2024-09-16,9:56,Pengeluaran,Bensin,69000,Pengisian bensin mingguan
2024-09-16,11:18,Pengeluaran,Makan Siang,21000,Makan rutin
2024-09-16,19:38,Pengeluaran,Makan Malam,29000,Makan rutin
2024-09-17,6:03,Pengeluaran,Makan Pagi,20000,Makan rutin
2024-09-17,11:51,Pengeluaran,Makan Siang,19000,Makan rutin
2024-09-17,19:13,Pengeluaran,Makan Malam,20000,Makan rutin
2024-09-18,7:30,Pengeluaran,Makan Pagi,23000,Makan rutin
2024-09-18,11:44,Pengeluaran,Makan Siang,26000,Makan rutin
2024-09-18,19:11,Pengeluaran,Makan Malam,24000,Makan rutin
2024-09-19,8:04,Pengeluaran,Makan Pagi,23000,Makan rutin
2024-09-19,12:18,Pengeluaran,Makan Siang,19000,Makan rutin
2024-09-19,18:13,Pengeluaran,Makan Malam,21000,Makan rutin
2024-09-20,6:12,Pengeluaran,Makan Pagi,27000,Makan rutin
2024-09-20,11:09,Pengeluaran,Makan Siang,20000,Makan rutin
2024-09-20,19:46,Pengeluaran,Makan Malam,28000,Makan rutin
2024-09-21,8:30,Pengeluaran,Makan Pagi,26000,Makan rutin
2024-09-21,8:59,Pengeluaran,Transportasi Umum,11000,Transportasi alternatif
2024-09-21,13:20,Pengeluaran,Makan Siang,16000,Makan rutin
2024-09-21,13:58,Pengeluaran,Rekreasi,249000,Jalan-jalan weekend
2024-09-21,18:50,Pengeluaran,Makan Malam,16000,Makan rutin
2024-09-22,7:25,Pengeluaran,Makan Pagi,25000,Makan rutin
2024-09-22,7:50,Pengeluaran,Transportasi Umum,19000,Transportasi alternatif
2024-09-22,10:31,Pengeluaran,Rekreasi,160000,Jalan-jalan weekend
2024-09-22,12:58,Pengeluaran,Makan Siang,26000,Makan rutin
2024-09-22,19:40,Pengeluaran,Makan Malam,26000,Makan rutin
2024-09-23,6:14,Pengeluaran,Makan Pagi,18000,Makan rutin
2024-09-23,11:33,Pengeluaran,Makan Siang,27000,Makan rutin
2024-09-23,11:40,Pengeluaran,Bensin,60000,Pengisian bensin mingguan
2024-09-23,18:17,Pengeluaran,Makan Malam,26000,Makan rutin
2024-09-24,7:34,Pengeluaran,Makan Pagi,29000,Makan rutin
2024-09-24,13:55,Pengeluaran,Makan Siang,19000,Makan rutin
2024-09-24,18:22,Pengeluaran,Makan Malam,15000,Makan rutin
2024-09-25,6:46,Pengeluaran,Makan Pagi,24000,Makan rutin
2024-09-25,7:36,Pengeluaran,Transportasi Umum,23000,Transportasi alternatif
2024-09-25,12:01,Pengeluaran,Makan Siang,22000,Makan rutin
2024-09-25,18:47,Pengeluaran,Makan Malam,29000,Makan rutin
2024-09-26,7:28,Pengeluaran,Makan Pagi,22000,Makan rutin
2024-09-26,11:40,Pengeluaran,Makan Siang,28000,Makan rutin
2024-09-26,18:18,Pengeluaran,Makan Malam,16000,Makan rutin
2024-09-27,7:00,Pengeluaran,Makan Pagi,22000,Makan rutin
2024-09-27,7:30,Pengeluaran,Transportasi Umum,14000,Transportasi alternatif
2024-09-27,12:51,Pengeluaran,Makan Siang,17000,Makan rutin
2024-09-27,19:52,Pengeluaran,Makan Malam,26000,Makan rutin
2024-09-28,6:39,Pengeluaran,Makan Pagi,15000,Makan rutin
2024-09-28,13:38,Pengeluaran,Makan Siang,26000,Makan rutin
2024-09-28,20:17,Pengeluaran,Makan Malam,28000,Makan rutin
2024-09-29,6:41,Pengeluaran,Makan Pagi,16000,Makan rutin
2024-09-29,11:34,Pengeluaran,Makan Siang,25000,Makan rutin
2024-09-29,18:46,Pengeluaran,Makan Malam,20000,Makan rutin
2024-09-30,7:45,Pengeluaran,Transportasi Umum,13000,Transportasi alternatif
2024-09-30,8:47,Pengeluaran,Makan Pagi,27000,Makan rutin
2024-09-30,11:12,Pengeluaran,Bensin,51000,Pengisian bensin mingguan
2024-09-30,11:28,Pengeluaran,Makan Siang,23000,Makan rutin
2024-09-30,18:49,Pengeluaran,Makan Malam,18000,Makan rutin
2024-10-01,8:50,Pengeluaran,Makan Pagi,26000,Makan rutin
2024-10-01,11:26,Pengeluaran,Makan Siang,15000,Makan rutin
2024-10-01,18:53,Pengeluaran,Belanja Bulanan,333000,Belanja kebutuhan bulanan
2024-10-01,19:21,Pengeluaran,Makan Malam,25000,Makan rutin
2024-10-02,8:17,Pengeluaran,Makan Pagi,18000,Makan rutin
2024-10-02,11:29,Pengeluaran,Makan Siang,24000,Makan rutin
2024-10-02,20:02,Pengeluaran,Makan Malam,29000,Makan rutin
2024-10-03,6:04,Pengeluaran,Makan Pagi,20000,Makan rutin
2024-10-03,7:09,Pengeluaran,Transportasi Umum,16000,Transportasi alternatif
2024-10-03,13:33,Pengeluaran,Makan Siang,25000,Makan rutin
2024-10-03,19:27,Pengeluaran,Makan Malam,19000,Makan rutin
2024-10-04,7:51,Pengeluaran,Makan Pagi,26000,Makan rutin
2024-10-04,13:33,Pengeluaran,Makan Siang,26000,Makan rutin
2024-10-04,18:11,Pengeluaran,Makan Malam,17000,Makan rutin
2024-10-05,7:03,Pengeluaran,Makan Pagi,29000,Makan rutin
2024-10-05,12:47,Pengeluaran,Listrik Kos,223000,Tagihan listrik kos
2024-10-05,12:51,Pengeluaran,Rekreasi,231000,Jalan-jalan weekend
2024-10-05,13:36,Pengeluaran,Makan Siang,15000,Makan rutin
2024-10-05,18:38,Pengeluaran,Makan Malam,27000,Makan rutin
2024-10-06,7:15,Pengeluaran,Makan Pagi,28000,Makan rutin
2024-10-06,13:26,Pengeluaran,Makan Siang,16000,Makan rutin
2024-10-06,20:34,Pengeluaran,Makan Malam,19000,Makan rutin
2024-10-07,6:35,Pengeluaran,Makan Pagi,29000,Makan rutin
2024-10-07,10:45,Pengeluaran,Bensin,59000,Pengisian bensin mingguan
2024-10-07,11:17,Pengeluaran,Makan Siang,29000,Makan rutin
2024-10-07,20:51,Pengeluaran,Makan Malam,27000,Makan rutin
2024-10-08,8:42,Pengeluaran,Makan Pagi,18000,Makan rutin
2024-10-08,13:25,Pengeluaran,Makan Siang,28000,Makan rutin
2024-10-08,20:52,Pengeluaran,Makan Malam,25000,Makan rutin
2024-10-09,8:01,Pengeluaran,Makan Pagi,17000,Makan rutin
2024-10-09,11:13,Pengeluaran,Makan Siang,22000,Makan rutin
2024-10-09,19:13,Pengeluaran,Makan Malam,27000,Makan rutin
2024-10-10,7:01,Pengeluaran,Transportasi Umum,16000,Transportasi alternatif
2024-10-10,8:18,Pengeluaran,Makan Pagi,27000,Makan rutin
2024-10-10,12:16,Pengeluaran,Makan Siang,24000,Makan rutin
2024-10-10,18:16,Pengeluaran,Makan Malam,24000,Makan rutin
2024-10-11,7:42,Pengeluaran,Makan Pagi,19000,Makan rutin
2024-10-11,11:11,Pengeluaran,Makan Siang,15000,Makan rutin
2024-10-11,18:40,Pengeluaran,Makan Malam,24000,Makan rutin
2024-10-12,8:56,Pengeluaran,Makan Pagi,27000,Makan rutin
2024-10-12,11:35,Pengeluaran,Makan Siang,29000,Makan rutin
2024-10-12,19:51,Pengeluaran,Makan Malam,16000,Makan rutin
2024-10-13,8:06,Pengeluaran,Makan Pagi,20000,Makan rutin
2024-10-13,13:41,Pengeluaran,Makan Siang,28000,Makan rutin
2024-10-13,20:45,Pengeluaran,Makan Malam,25000,Makan rutin
2024-10-14,8:48,Pengeluaran,Makan Pagi,21000,Makan rutin
2024-10-14,9:52,Pengeluaran,Bensin,51000,Pengisian bensin mingguan
2024-10-14,12:07,Pengeluaran,Makan Siang,29000,Makan rutin
2024-10-14,19:29,Pengeluaran,Makan Malam,20000,Makan rutin
2024-10-15,6:56,Pengeluaran,Makan Pagi,15000,Makan rutin
2024-10-15,13:20,Pengeluaran,Makan Siang,16000,Makan rutin
2024-10-15,20:48,Pengeluaran,Makan Malam,26000,Makan rutin
2024-10-16,7:22,Pengeluaran,Makan Pagi,15000,Makan rutin
2024-10-16,11:23,Pengeluaran,Makan Siang,28000,Makan rutin
2024-10-16,18:17,Pengeluaran,Makan Malam,19000,Makan rutin
2024-10-17,7:10,Pengeluaran,Makan Pagi,24000,Makan rutin
2024-10-17,11:25,Pengeluaran,Makan Siang,24000,Makan rutin
2024-10-17,20:52,Pengeluaran,Makan Malam,29000,Makan rutin
2024-10-18,7:54,Pengeluaran,Transportasi Umum,23000,Transportasi alternatif
2024-10-18,8:06,Pengeluaran,Makan Pagi,16000,Makan rutin
2024-10-18,11:43,Pengeluaran,Makan Siang,24000,Makan rutin
2024-10-18,19:10,Pengeluaran,Makan Malam,17000,Makan rutin
2024-10-19,6:34,Pengeluaran,Makan Pagi,16000,Makan rutin
2024-10-19,13:30,Pengeluaran,Makan Siang,28000,Makan rutin
2024-10-19,19:22,Pengeluaran,Makan Malam,16000,Makan rutin
2024-10-20,7:44,Pengeluaran,Makan Pagi,15000,Makan rutin
2024-10-20,10:20,Pengeluaran,Rekreasi,166000,Jalan-jalan weekend
2024-10-20,12:07,Pengeluaran,Makan Siang,15000,Makan rutin
2024-10-20,19:20,Pengeluaran,Makan Malam,25000,Makan rutin
2024-10-21,8:56,Pengeluaran,Makan Pagi,21000,Makan rutin
2024-10-21,10:14,Pengeluaran,Bensin,54000,Pengisian bensin mingguan
2024-10-21,12:58,Pengeluaran,Makan Siang,28000,Makan rutin
2024-10-21,19:22,Pengeluaran,Makan Malam,23000,Makan rutin
2024-10-22,7:18,Pengeluaran,Makan Pagi,28000,Makan rutin
2024-10-22,8:03,Pengeluaran,Transportasi Umum,17000,Transportasi alternatif
2024-10-22,13:57,Pengeluaran,Makan Siang,22000,Makan rutin
2024-10-22,18:02,Pengeluaran,Makan Malam,26000,Makan rutin
2024-10-23,8:03,Pengeluaran,Makan Pagi,29000,Makan rutin
2024-10-23,8:15,Pengeluaran,Transportasi Umum,27000,Transportasi alternatif
2024-10-23,13:53,Pengeluaran,Makan Siang,23000,Makan rutin
2024-10-23,20:03,Pengeluaran,Makan Malam,24000,Makan rutin
2024-10-24,6:04,Pengeluaran,Makan Pagi,28000,Makan rutin
2024-10-24,8:58,Pengeluaran,Transportasi Umum,16000,Transportasi alternatif
2024-10-24,13:20,Pengeluaran,Makan Siang,16000,Makan rutin
2024-10-24,18:47,Pengeluaran,Makan Malam,15000,Makan rutin
2024-10-25,7:45,Pengeluaran,Makan Pagi,15000,Makan rutin
2024-10-25,11:05,Pengeluaran,Makan Siang,28000,Makan rutin
2024-10-25,18:12,Pengeluaran,Makan Malam,23000,Makan rutin
2024-10-26,8:15,Pengeluaran,Makan Pagi,20000,Makan rutin
2024-10-26,13:18,Pengeluaran,Rekreasi,205000,Jalan-jalan weekend
2024-10-26,13:48,Pengeluaran,Makan Siang,28000,Makan rutin
2024-10-26,18:04,Pengeluaran,Makan Malam,21000,Makan rutin
2024-10-27,8:16,Pengeluaran,Makan Pagi,20000,Makan rutin
2024-10-27,11:31,Pengeluaran,Makan Siang,26000,Makan rutin
2024-10-27,14:59,Pengeluaran,Rekreasi,251000,Jalan-jalan weekend
2024-10-27,18:58,Pengeluaran,Makan Malam,15000,Makan rutin
2024-10-28,8:27,Pengeluaran,Makan Pagi,18000,Makan rutin
2024-10-28,10:19,Pengeluaran,Bensin,64000,Pengisian bensin mingguan
2024-10-28,13:19,Pengeluaran,Makan Siang,17000,Makan rutin
2024-10-28,20:17,Pengeluaran,Makan Malam,27000,Makan rutin
2024-10-29,6:46,Pengeluaran,Makan Pagi,22000,Makan rutin
2024-10-29,13:26,Pengeluaran,Makan Siang,29000,Makan rutin
2024-10-29,18:15,Pengeluaran,Makan Malam,19000,Makan rutin
2024-10-30,8:38,Pengeluaran,Makan Pagi,15000,Makan rutin
2024-10-30,13:31,Pengeluaran,Makan Siang,16000,Makan rutin
2024-10-30,19:44,Pengeluaran,Makan Malam,29000,Makan rutin
2024-10-31,6:50,Pengeluaran,Makan Pagi,22000,Makan rutin
2024-10-31,13:53,Pengeluaran,Makan Siang,22000,Makan rutin
2024-10-31,20:31,Pengeluaran,Makan Malam,24000,Makan rutin
2024-11-01,8:20,Pengeluaran,Makan Pagi,25000,Makan rutin
2024-11-01,11:49,Pengeluaran,Makan Siang,16000,Makan rutin
2024-11-01,19:38,Pengeluaran,Belanja Bulanan,314000,Belanja kebutuhan bulanan
2024-11-01,20:06,Pengeluaran,Makan Malam,27000,Makan rutin
2024-11-02,7:23,Pengeluaran,Makan Pagi,29000,Makan rutin
2024-11-02,11:46,Pengeluaran,Makan Siang,17000,Makan rutin
2024-11-02,18:03,Pengeluaran,Makan Malam,16000,Makan rutin
2024-11-03,6:20,Pengeluaran,Makan Pagi,20000,Makan rutin
2024-11-03,13:25,Pengeluaran,Makan Siang,21000,Makan rutin
2024-11-03,20:59,Pengeluaran,Makan Malam,26000,Makan rutin
2024-11-04,7:10,Pengeluaran,Makan Pagi,17000,Makan rutin
2024-11-04,10:48,Pengeluaran,Bensin,51000,Pengisian bensin mingguan
2024-11-04,12:09,Pengeluaran,Makan Siang,22000,Makan rutin
2024-11-04,19:23,Pengeluaran,Makan Malam,22000,Makan rutin
2024-11-05,7:48,Pengeluaran,Makan Pagi,22000,Makan rutin
2024-11-05,12:34,Pengeluaran,Makan Siang,23000,Makan rutin
2024-11-05,12:38,Pengeluaran,Listrik Kos,218000,Tagihan listrik kos
2024-11-05,18:03,Pengeluaran,Makan Malam,23000,Makan rutin
2024-11-06,6:45,Pengeluaran,Makan Pagi,24000,Makan rutin
2024-11-06,12:39,Pengeluaran,Makan Siang,28000,Makan rutin
2024-11-06,19:16,Pengeluaran,Makan Malam,18000,Makan rutin
2024-11-07,7:17,Pengeluaran,Makan Pagi,15000,Makan rutin
2024-11-07,11:18,Pengeluaran,Makan Siang,21000,Makan rutin
2024-11-07,19:06,Pengeluaran,Makan Malam,21000,Makan rutin
2024-11-08,7:45,Pengeluaran,Makan Pagi,16000,Makan rutin
2024-11-08,12:38,Pengeluaran,Makan Siang,17000,Makan rutin
2024-11-08,18:59,Pengeluaran,Makan Malam,25000,Makan rutin
2024-11-09,8:32,Pengeluaran,Makan Pagi,19000,Makan rutin
2024-11-09,12:13,Pengeluaran,Makan Siang,21000,Makan rutin
2024-11-09,18:51,Pengeluaran,Makan Malam,17000,Makan rutin
2024-11-10,8:02,Pengeluaran,Makan Pagi,21000,Makan rutin
2024-11-10,11:40,Pengeluaran,Makan Siang,23000,Makan rutin
2024-11-10,20:57,Pengeluaran,Makan Malam,22000,Makan rutin
2024-11-11,7:48,Pengeluaran,Makan Pagi,23000,Makan rutin
2024-11-11,11:28,Pengeluaran,Bensin,69000,Pengisian bensin mingguan
2024-11-11,12:47,Pengeluaran,Makan Siang,18000,Makan rutin
2024-11-11,19:45,Pengeluaran,Makan Malam,21000,Makan rutin
2024-11-12,6:25,Pengeluaran,Makan Pagi,15000,Makan rutin
2024-11-12,12:47,Pengeluaran,Makan Siang,23000,Makan rutin
2024-11-12,20:18,Pengeluaran,Makan Malam,23000,Makan rutin
2024-11-13,8:16,Pengeluaran,Makan Pagi,22000,Makan rutin
2024-11-13,13:47,Pengeluaran,Makan Siang,23000,Makan rutin
2024-11-13,20:35,Pengeluaran,Makan Malam,15000,Makan rutin
2024-11-14,6:38,Pengeluaran,Makan Pagi,17000,Makan rutin
2024-11-14,11:48,Pengeluaran,Makan Siang,22000,Makan rutin
2024-11-14,19:00,Pengeluaran,Makan Malam,28000,Makan rutin
2024-11-15,6:01,Pengeluaran,Makan Pagi,24000,Makan rutin
2024-11-15,11:57,Pengeluaran,Makan Siang,19000,Makan rutin
2024-11-15,19:12,Pengeluaran,Makan Malam,27000,Makan rutin
2024-11-16,7:57,Pengeluaran,Makan Pagi,29000,Makan rutin
2024-11-16,12:51,Pengeluaran,Makan Siang,18000,Makan rutin
2024-11-16,19:37,Pengeluaran,Makan Malam,22000,Makan rutin
2024-11-17,6:53,Pengeluaran,Makan Pagi,25000,Makan rutin
2024-11-17,11:34,Pengeluaran,Makan Siang,22000,Makan rutin
2024-11-17,18:59,Pengeluaran,Makan Malam,16000,Makan rutin
2024-11-18,7:07,Pengeluaran,Makan Pagi,27000,Makan rutin
2024-11-18,11:21,Pengeluaran,Bensin,53000,Pengisian bensin mingguan
2024-11-18,12:37,Pengeluaran,Makan Siang,15000,Makan rutin
2024-11-18,19:19,Pengeluaran,Makan Malam,23000,Makan rutin
2024-11-19,6:25,Pengeluaran,Makan Pagi,29000,Makan rutin
2024-11-19,11:19,Pengeluaran,Makan Siang,17000,Makan rutin
2024-11-19,19:28,Pengeluaran,Makan Malam,18000,Makan rutin
2024-11-20,6:51,Pengeluaran,Makan Pagi,24000,Makan rutin
2024-11-20,9:05,Pengeluaran,Transportasi Umum,16000,Transportasi alternatif
2024-11-20,11:00,Pengeluaran,Makan Siang,27000,Makan rutin
2024-11-20,19:21,Pengeluaran,Makan Malam,25000,Makan rutin
2024-11-21,8:34,Pengeluaran,Makan Pagi,18000,Makan rutin
2024-11-21,11:23,Pengeluaran,Makan Siang,20000,Makan rutin
2024-11-21,18:13,Pengeluaran,Makan Malam,21000,Makan rutin
2024-11-22,6:42,Pengeluaran,Makan Pagi,21000,Makan rutin
2024-11-22,13:05,Pengeluaran,Makan Siang,20000,Makan rutin
2024-11-22,19:50,Pengeluaran,Makan Malam,20000,Makan rutin
2024-11-23,8:09,Pengeluaran,Makan Pagi,18000,Makan rutin
2024-11-23,11:09,Pengeluaran,Makan Siang,26000,Makan rutin
2024-11-23,18:24,Pengeluaran,Makan Malam,18000,Makan rutin
2024-11-24,8:33,Pengeluaran,Makan Pagi,21000,Makan rutin
2024-11-24,12:55,Pengeluaran,Makan Siang,19000,Makan rutin
2024-11-24,19:02,Pengeluaran,Makan Malam,20000,Makan rutin
2024-11-25,6:46,Pengeluaran,Makan Pagi,17000,Makan rutin
2024-11-25,10:35,Pengeluaran,Bensin,63000,Pengisian bensin mingguan
2024-11-25,13:11,Pengeluaran,Makan Siang,22000,Makan rutin
2024-11-25,18:42,Pengeluaran,Makan Malam,18000,Makan rutin
2024-11-26,6:43,Pengeluaran,Makan Pagi,15000,Makan rutin
2024-11-26,13:15,Pengeluaran,Makan Siang,22000,Makan rutin
2024-11-26,20:52,Pengeluaran,Makan Malam,24000,Makan rutin
2024-11-27,6:05,Pengeluaran,Makan Pagi,25000,Makan rutin
2024-11-27,11:25,Pengeluaran,Makan Siang,16000,Makan rutin
2024-11-27,20:17,Pengeluaran,Makan Malam,27000,Makan rutin
2024-11-28,7:56,Pengeluaran,Makan Pagi,28000,Makan rutin
2024-11-28,13:22,Pengeluaran,Makan Siang,25000,Makan rutin
2024-11-28,19:29,Pengeluaran,Makan Malam,17000,Makan rutin
2024-11-29,8:57,Pengeluaran,Makan Pagi,15000,Makan rutin
2024-11-29,12:54,Pengeluaran,Makan Siang,20000,Makan rutin
2024-11-29,20:44,Pengeluaran,Makan Malam,20000,Makan rutin
2024-11-30,8:27,Pengeluaran,Makan Pagi,19000,Makan rutin
2024-11-30,11:46,Pengeluaran,Makan Siang,18000,Makan rutin
2024-11-30,20:31,Pengeluaran,Makan Malam,26000,Makan rutin
2024-12-01,8:11,Pengeluaran,Makan Pagi,29000,Makan rutin
2024-12-01,10:40,Pengeluaran,Rekreasi,264000,Jalan-jalan weekend
2024-12-01,13:36,Pengeluaran,Makan Siang,15000,Makan rutin
2024-12-01,16:01,Pengeluaran,Belanja Bulanan,466000,Belanja kebutuhan bulanan
2024-12-01,18:29,Pengeluaran,Makan Malam,19000,Makan rutin
2024-12-02,6:02,Pengeluaran,Makan Pagi,28000,Makan rutin
2024-12-02,9:21,Pengeluaran,Bensin,54000,Pengisian bensin mingguan
2024-12-02,13:46,Pengeluaran,Makan Siang,16000,Makan rutin
2024-12-02,18:43,Pengeluaran,Makan Malam,20000,Makan rutin
2024-12-03,8:36,Pengeluaran,Makan Pagi,28000,Makan rutin
2024-12-03,11:23,Pengeluaran,Makan Siang,27000,Makan rutin
2024-12-03,18:45,Pengeluaran,Makan Malam,19000,Makan rutin
2024-12-04,7:32,Pengeluaran,Makan Pagi,26000,Makan rutin
2024-12-04,11:38,Pengeluaran,Makan Siang,17000,Makan rutin
2024-12-04,18:53,Pengeluaran,Makan Malam,21000,Makan rutin
2024-12-05,6:27,Pengeluaran,Makan Pagi,29000,Makan rutin
2024-12-05,10:29,Pengeluaran,Listrik Kos,230000,Tagihan listrik kos
2024-12-05,11:33,Pengeluaran,Makan Siang,28000,Makan rutin
2024-12-05,20:53,Pengeluaran,Makan Malam,21000,Makan rutin
2024-12-06,7:13,Pengeluaran,Makan Pagi,28000,Makan rutin
2024-12-06,11:37,Pengeluaran,Makan Siang,19000,Makan rutin
2024-12-06,19:59,Pengeluaran,Makan Malam,15000,Makan rutin
2024-12-07,7:25,Pengeluaran,Makan Pagi,16000,Makan rutin
2024-12-07,12:59,Pengeluaran,Makan Siang,21000,Makan rutin
2024-12-07,20:36,Pengeluaran,Makan Malam,15000,Makan rutin
2024-12-08,8:08,Pengeluaran,Makan Pagi,21000,Makan rutin
2024-12-08,13:00,Pengeluaran,Makan Siang,28000,Makan rutin
2024-12-08,19:44,Pengeluaran,Makan Malam,23000,Makan rutin
2024-12-09,6:45,Pengeluaran,Makan Pagi,29000,Makan rutin
2024-12-09,8:02,Pengeluaran,Transportasi Umum,17000,Transportasi alternatif
2024-12-09,9:59,Pengeluaran,Bensin,60000,Pengisian bensin mingguan
2024-12-09,11:02,Pengeluaran,Makan Siang,20000,Makan rutin
2024-12-09,18:17,Pengeluaran,Makan Malam,26000,Makan rutin
2024-12-10,7:41,Pengeluaran,Makan Pagi,21000,Makan rutin
2024-12-10,12:23,Pengeluaran,Makan Siang,23000,Makan rutin
2024-12-10,18:42,Pengeluaran,Makan Malam,20000,Makan rutin
2024-12-11,6:35,Pengeluaran,Makan Pagi,26000,Makan rutin
2024-12-11,13:01,Pengeluaran,Makan Siang,24000,Makan rutin
2024-12-11,19:34,Pengeluaran,Makan Malam,19000,Makan rutin
2024-12-12,6:12,Pengeluaran,Makan Pagi,22000,Makan rutin
2024-12-12,11:21,Pengeluaran,Makan Siang,27000,Makan rutin
2024-12-12,20:56,Pengeluaran,Makan Malam,18000,Makan rutin
2024-12-13,8:55,Pengeluaran,Makan Pagi,18000,Makan rutin
2024-12-13,12:05,Pengeluaran,Makan Siang,22000,Makan rutin
2024-12-13,18:34,Pengeluaran,Makan Malam,17000,Makan rutin
2024-12-14,6:48,Pengeluaran,Makan Pagi,28000,Makan rutin
2024-12-14,9:11,Pengeluaran,Transportasi Umum,25000,Transportasi alternatif
2024-12-14,13:25,Pengeluaran,Makan Siang,17000,Makan rutin
2024-12-14,19:30,Pengeluaran,Makan Malam,26000,Makan rutin
2024-12-15,8:08,Pengeluaran,Makan Pagi,24000,Makan rutin
2024-12-15,13:40,Pengeluaran,Makan Siang,21000,Makan rutin
2024-12-15,20:07,Pengeluaran,Makan Malam,18000,Makan rutin
2024-12-16,7:17,Pengeluaran,Makan Pagi,19000,Makan rutin
2024-12-16,9:01,Pengeluaran,Bensin,63000,Pengisian bensin mingguan
2024-12-16,13:08,Pengeluaran,Makan Siang,24000,Makan rutin
2024-12-16,19:24,Pengeluaran,Makan Malam,25000,Makan rutin
2024-12-17,7:59,Pengeluaran,Makan Pagi,17000,Makan rutin
2024-12-17,11:09,Pengeluaran,Makan Siang,17000,Makan rutin
2024-12-17,19:39,Pengeluaran,Makan Malam,20000,Makan rutin
2024-12-18,6:51,Pengeluaran,Makan Pagi,26000,Makan rutin
2024-12-18,13:53,Pengeluaran,Makan Siang,21000,Makan rutin
2024-12-18,18:32,Pengeluaran,Makan Malam,29000,Makan rutin
2024-12-19,8:29,Pengeluaran,Makan Pagi,17000,Makan rutin
2024-12-19,12:18,Pengeluaran,Makan Siang,22000,Makan rutin
2024-12-19,18:52,Pengeluaran,Makan Malam,26000,Makan rutin
2024-12-20,8:45,Pengeluaran,Makan Pagi,26000,Makan rutin
2024-12-20,13:27,Pengeluaran,Makan Siang,23000,Makan rutin
2024-12-20,20:39,Pengeluaran,Makan Malam,29000,Makan rutin
2024-12-21,7:34,Pengeluaran,Makan Pagi,21000,Makan rutin
2024-12-21,12:39,Pengeluaran,Makan Siang,16000,Makan rutin
2024-12-21,19:06,Pengeluaran,Makan Malam,24000,Makan rutin
2024-12-22,7:45,Pengeluaran,Makan Pagi,15000,Makan rutin
2024-12-22,11:58,Pengeluaran,Makan Siang,16000,Makan rutin
2024-12-22,20:00,Pengeluaran,Makan Malam,25000,Makan rutin
2024-12-23,8:29,Pengeluaran,Makan Pagi,28000,Makan rutin
2024-12-23,11:53,Pengeluaran,Bensin,56000,Pengisian bensin mingguan
2024-12-23,12:09,Pengeluaran,Makan Siang,16000,Makan rutin
2024-12-23,18:09,Pengeluaran,Makan Malam,23000,Makan rutin
2024-12-24,8:04,Pengeluaran,Makan Pagi,29000,Makan rutin
2024-12-24,13:05,Pengeluaran,Makan Siang,23000,Makan rutin
2024-12-24,20:31,Pengeluaran,Makan Malam,25000,Makan rutin
2024-12-25,7:09,Pengeluaran,Makan Pagi,18000,Makan rutin
2024-12-25,13:58,Pengeluaran,Makan Siang,23000,Makan rutin
2024-12-25,18:44,Pengeluaran,Makan Malam,19000,Makan rutin
2024-12-26,6:24,Pengeluaran,Makan Pagi,17000,Makan rutin
2024-12-26,12:56,Pengeluaran,Makan Siang,15000,Makan rutin
2024-12-26,18:15,Pengeluaran,Makan Malam,25000,Makan rutin
2024-12-27,7:58,Pengeluaran,Makan Pagi,25000,Makan rutin
2024-12-27,13:05,Pengeluaran,Makan Siang,17000,Makan rutin
2024-12-27,20:23,Pengeluaran,Makan Malam,21000,Makan rutin
2024-12-28,7:02,Pengeluaran,Transportasi Umum,21000,Transportasi alternatif
2024-12-28,8:28,Pengeluaran,Makan Pagi,18000,Makan rutin
2024-12-28,13:03,Pengeluaran,Rekreasi,255000,Jalan-jalan weekend
2024-12-28,13:43,Pengeluaran,Makan Siang,21000,Makan rutin
2024-12-28,20:22,Pengeluaran,Makan Malam,29000,Makan rutin
2024-12-29,8:00,Pengeluaran,Makan Pagi,25000,Makan rutin
2024-12-29,12:36,Pengeluaran,Makan Siang,26000,Makan rutin
2024-12-29,18:39,Pengeluaran,Makan Malam,19000,Makan rutin
2024-12-30,7:16,Pengeluaran,Makan Pagi,17000,Makan rutin
2024-12-30,11:38,Pengeluaran,Bensin,62000,Pengisian bensin mingguan
2024-12-30,13:50,Pengeluaran,Makan Siang,17000,Makan rutin
2024-12-30,20:35,Pengeluaran,Makan Malam,24000,Makan rutin
2024-12-31,8:13,Pengeluaran,Makan Pagi,17000,Makan rutin
2024-12-31,11:04,Pengeluaran,Makan Siang,25000,Makan rutin
2024-12-31,19:34,Pengeluaran,Makan Malam,21000,Makan rutin
